Language Name,All Access Goal (Rev79),All Access Goal Status (Rev79),Chapters,Comments,Complete Chapters (Project),Contact Person,Country (Project),End Date,Language Identifier (Rev79),Last updated,Mentor,Mode,Not approved yet chapters,Organization,Organization Role,Sensitivity,Standard Objectives,Start Date,Team Leader,Translation Status (Project),Type of translation,Updated in Rev79
Tupi Kawahiva: Amondawa,,Not on All Access Goals List,https://www.notion.so/uofncall/13ea7a8d5e6e8135ae1beef4e4c0d877?v=13ea7a8d5e6e81daadd4000c93e38d25,"There’s another organization working with them, Porto velho will stay with the translation fo the Tenharim ",,Rafa / Ciro,Brazil,,pah,28/11/2024,,,,YWAM Porto Velho,,,,,,Canceled,,No
Apinayé,25 Chapters,Goal Met in the language,https://www.notion.so/uofncall/13ea7a8d5e6e817fa510e956e1d44295?v=13ea7a8d5e6e81108aaf000c91e88bf4,"This data is from when Rafa worked in Novas tribos, YWAM don’t have anything going on ",0,Rafa / Ciro,Brazil,,apn,16/06/2026,,,,YWAM Porto Velho,,,,,,Active,,No
Banawa,25 Chapters,Goal Met in the language,https://www.notion.so/uofncall/13ea7a8d5e6e812ab836c1fcc65b2e94?v=13ea7a8d5e6e812ea8cb000c976c09e7,They have two dialects in the same language identifier,0,Rafa / Ciro,Brazil,,jaa-b,16/06/2026,Betania,,,YWAM Porto Velho,,,,,Lidia,Active,,Yes
Cinta Larga,25 Chapters,Translation in Progress,https://www.notion.so/uofncall/13ea7a8d5e6e81b19964fb50416a42d0?v=13ea7a8d5e6e81a3ab1d000c550d22a2,,4,Rafa / Ciro,Brazil,,cin,16/06/2026,Raissa,,0,YWAM Porto Velho,,,,,Ana Beatriz,Active,,Yes
Dâw,25 Chapters,Translation in Progress,https://www.notion.so/uofncall/13ea7a8d5e6e815aa32fdfe73a63914a?v=13ea7a8d5e6e8102b788000c0745c179,,4,Rafa / Ciro,Brazil,,kwa,28/11/2024,Betania,,,YWAM Porto Velho,,,,,Rodolfo / Debora,Active,,Yes
Diahói,,Not on All Access Goals List,https://www.notion.so/uofncall/13ea7a8d5e6e81d590c0f254cbf03cdd?v=13ea7a8d5e6e810aa38c000c9d573dea,They won’t do it now,,Rafa / Ciro,Brazil,,pah,28/11/2024,,,,YWAM Porto Velho,,,,,,Canceled,,No
Jarawara ,25 Chapters,Goal Met in the language,https://www.notion.so/uofncall/13ea7a8d5e6e815596dfc8c713d7b93c?v=13ea7a8d5e6e816f8fb8000c0218dddb,"Wycliffe did the New Testament, there’s an intent to do the Old Testament ",0,Rafa / Ciro,Brazil,,jaa,28/11/2024,,,,YWAM Porto Velho,,,,,,Intent (to start in more than 12 months),,Yes
Tupi Kawahiva: Karipuna,,Not on All Access Goals List,https://www.notion.so/uofncall/13ea7a8d5e6e81e08e16d640eaa998f2?v=13ea7a8d5e6e81f3a1d1000ccff05ee3,,,Rafa / Ciro,Brazil,,pah,28/11/2024,,,,YWAM Porto Velho,,,,,,Canceled,,No
Karitiana,25 Chapters,Translation in Progress,https://www.notion.so/uofncall/13ea7a8d5e6e81908228c446d61713a3?v=13ea7a8d5e6e811eb2ca000c41cc53ca,"The engagement in Rev79 is portion of old testament and is completed because they finished Ruth. They don’t have translators to keep going. ",4,Rafa / Ciro,Brazil,,ktn,28/11/2024,Betania,,,YWAM Porto Velho,,,,,Silvana,Inactive (paused),,Yes
Krahô,25 Chapters,Translation in Progress,https://www.notion.so/uofncall/13ea7a8d5e6e81d79358e343a2ccb70e?v=13ea7a8d5e6e8176b1dd000c7a36a6f6,,4,Rafa / Ciro,Brazil,,xra,28/11/2024,Betania,,,YWAM Porto Velho,,,,,Nicolas,Active,,Yes
Tupi Kawahiva: Parintintin,,Not on All Access Goals List,https://www.notion.so/uofncall/13ea7a8d5e6e8179914ee676014884a9?v=13ea7a8d5e6e8120a487000cae090535,,,Rafa / Ciro,Brazil,,pah,16/06/2026,,,,YWAM Porto Velho,,,,,,Active,,No
Sanumá,25 Chapters,Goal Met in the language,https://www.notion.so/uofncall/13ea7a8d5e6e818d82e9c546adf2addd?v=13ea7a8d5e6e81a287ad000c80d18867,"Plan to review New Testament in 2 years. Governo bloqueou entrada na aldeia. ",4,Raíssa,Brazil,,xsu,29/11/2024,Pati Tivane,,,"YWAM Casa - São Paulo, YWAM Porto Velho",,,,,Mimica,Inactive (paused),,No
Suruwaha,25 Chapters,Translation in Progress,https://www.notion.so/uofncall/13ea7a8d5e6e81ee8e6ee3237335efcf?v=13ea7a8d5e6e811484f4000c0f67f0eb,"Plan to translate Matthew in 3 years (they only have 1 translator). em 2025 plano é continuar. ",4,Raíssa,Brazil,,swx,29/11/2024,Raissa,,,"YWAM Casa - São Paulo, YWAM Porto Velho",,,,,Raissa,Planned (to start in the next 12 months),,No
Tupari,,Not on All Access Goals List,https://www.notion.so/uofncall/13ea7a8d5e6e8190bf0ade4d43ad879b?v=13ea7a8d5e6e81ed8e5d000cfcae1c9f,,4,Rafa / Ciro,Brazil,,tpr,28/11/2024,Raissa,,,YWAM Porto Velho,,,,,Zita,Active,,Yes
Kamaiurá,25 Chapters,Translation in Progress,https://www.notion.so/uofncall/13ea7a8d5e6e8106b593e2f19e1bd7c4?v=13ea7a8d5e6e81ad84f1000c0bcfe4f7,,0,Raíssa,Brazil,,kay,16/06/2026,Raissa,,,YWAM Casa - São Paulo,,,,,Margareth,Active,,Yes
Purig Kargil,NT / 260 Chapters,Goal Met in the language,https://www.notion.so/uofncall/13ea7a8d5e6e81e4a324e46028817687?v=13ea7a8d5e6e81e29d9c000c876a9591,,4,Suelen,India,,prx,,Raissa,,,YWAM Los Angeles,,,,,,Planned (to start in the next 12 months),,Yes
Kebu,NT / 260 Chapters,Goal Met in the language,https://www.notion.so/uofncall/13ea7a8d5e6e81099454cf4aae5bd3a3?v=13ea7a8d5e6e8151bcf4000c300bbea0,They don't have a facilitator anymore,4,Suzuki,Uganda,,ndp,,Suzuki,,,YWAM Arua,,,,,,Inactive (paused),,Yes
Warnang,25 Chapters,Translation in Progress,https://www.notion.so/uofncall/13ea7a8d5e6e8176a2b6d3b66780475f?v=13ea7a8d5e6e81eb81c5000c3cee5404,Engaged in Language Development,0,Suzuki,Sudan,,wrn,,Suzuki,,,YWAM Arua,,,,,,Inactive (paused),,Yes
Logol,,Not on All Access Goals List,https://www.notion.so/uofncall/13ea7a8d5e6e8195bd8ac8d68bb1ec1c?v=13ea7a8d5e6e81bdbffd000c457d8f09,Plan to do whole Bible. Engaged in Trauma healing project. Engaged in Language Development,8,Suzuki,Sudan,,lof,,Suzuki,,,YWAM Arua,,,,,,Active,,Yes
Ko (kau-nyaro),25 Chapters,Translation in Progress,https://www.notion.so/uofncall/13ea7a8d5e6e814286a2fbcd27a38e8d?v=13ea7a8d5e6e814f868c000cdbea4ea3,Engaged  in Language Development,0,Suzuki,Sudan,,fuj,,Suzuki,,,YWAM Arua,,,,,,Inactive (paused),,Yes
Lokoya,NT / 260 Chapters,Translation in Progress,https://www.notion.so/uofncall/13ea7a8d5e6e81689ff1f583745d2806?v=13ea7a8d5e6e81ceafe0000c5594c247,Book of Ruth - draft,0,Youngshin,South Sudan,,lky,16/06/2026,Youngshin,,,YWAM Arua,,,,,,Active,,Yes
Lafofa (Tegem Lafofa),NT / 260 Chapters,Translation not Started,https://www.notion.so/uofncall/13ea7a8d5e6e81cba401c5c754a035f9?v=13ea7a8d5e6e81dda4d0000cb46d33fd,Interest in Bible Translation and Language Development - Survey/Preparation,0,Suzuki,Sudan,,laf,,Suzuki,,,YWAM Arua,,,,,,Intent (to start in more than 12 months),,Yes
Jaminawa - Yaminahua: Brazilian Side,25 Chapters,Goal Met in the language,https://www.notion.so/uofncall/13ea7a8d5e6e81229045f5fb8b66d901?v=13ea7a8d5e6e8172989e000cf60819da,,156,Rafa / Ciro,Brazil,,yaa,28/11/2024,Pati Tivane,,,YWAM Porto Velho,,,,,Matheus / Daniel,Active,,Yes
Gedaged / Bel,NT / 260 Chapters,Goal Met in the language,https://www.notion.so/uofncall/13fa7a8d5e6e819dbf2ff0b3d4974dc5?v=13fa7a8d5e6e81aa912b000c6e147249,OMTT Training - Ruth,4,Pati & Marcos,Papua New Guinea,,gdd,16/06/2026,Pati Beltramini,,,YWAM Madang,,,,,,Active,,Yes
Monumbo,,Not on All Access Goals List,https://www.notion.so/uofncall/13fa7a8d5e6e816ea0e9fd2bfdc53310?v=13fa7a8d5e6e8174b1e5000cff4e19ee,OMTT Training,0,Pati & Marcos,Papua New Guinea,,mxk,16/06/2026,Pati Beltramini,,,YWAM Madang,,,,,,Active,,Yes
Sepa,25 Chapters,Translation in Progress,https://www.notion.so/uofncall/13fa7a8d5e6e8189af91e786f2dcd19a?v=13fa7a8d5e6e81d497e4000cc2d68498,vai em novembro pra treinamento,0,Pati & Marcos,Papua New Guinea,,spe,,Pati Beltramini,,,YWAM Madang,,,,,,Active,,Yes
Lilau,25 Chapters,Translation in Progress,https://www.notion.so/uofncall/13fa7a8d5e6e81799bf9dd035750ec12?v=13fa7a8d5e6e81c895f1000c057379a6,OMTT Training - Ruth / lingua em risco,0,Pati & Marcos,Papua New Guinea,,LLL,16/06/2026,Pati Beltramini,,,YWAM Madang,,,,,,Active,,Yes
Medebur,25 Chapters,Translation in Progress,https://www.notion.so/uofncall/13fa7a8d5e6e817a8fc5ff87d82e80b0?v=13fa7a8d5e6e8197a9cf000c6b007ce1,não fizeram o treinamento ainda,0,Pati & Marcos,Papua New Guinea,,mjm,16/06/2026,Pati Beltramini,,,YWAM Madang,,,,,,Active,,Yes
Amako (Korak),25 Chapters,Translation in Progress,https://www.notion.so/uofncall/13fa7a8d5e6e81868384d877526c2050?v=13fa7a8d5e6e81afbf90000c4d890d50,"OMTT Training - assuming it stands for oral mother tongue translator training ",0,Pati & Marcos,Papua New Guinea,,koz,,Pati Beltramini,,,YWAM Madang,,,,,,Active,,Yes
Brem,25 Chapters,Translation in Progress,https://www.notion.so/uofncall/13fa7a8d5e6e8130a9bef7507cbc8386?v=13fa7a8d5e6e8100af92000c76e79048,OMTT Training,0,Pati & Marcos,Papua New Guinea,,buq,,Pati Beltramini,,,YWAM Madang,,,,,,Active,,Yes
Gavak,25 Chapters,Translation in Progress,https://www.notion.so/uofncall/13fa7a8d5e6e81498d4fc00e53b0364b?v=13fa7a8d5e6e8140a57a000cb40e1afd,OMTT Training,0,Pati & Marcos,Papua New Guinea,,dmc,,Pati Beltramini,,,YWAM Madang,,,,,,Active,,Yes
Yoidik,25 Chapters,Translation in Progress,https://www.notion.so/uofncall/13fa7a8d5e6e8145ac03efd8d08e0e13?v=13fa7a8d5e6e81e78bd4000cd763a3f5,não fizeram o treinamento ainda,0,Pati & Marcos,Papua New Guinea,,ydk,16/06/2026,Pati Beltramini,,,YWAM Madang,,,,,,Active,,Yes
"Melpa: Central ",NT / 260 Chapters,Goal Met in the language,https://www.notion.so/uofncall/13fa7a8d5e6e815c97d6d07f6a26d9df?v=13fa7a8d5e6e819193e8000cb0dcf3ae,Community Development / não vai continuar com eles esse ano,0,Pati & Marcos,Papua New Guinea,,med,16/06/2026,Pati Beltramini,,,YWAM Madang,,,,,,Active,,Yes
Sa'di of High Egypt,Bible,Translation in Progress,https://www.notion.so/uofncall/13fa7a8d5e6e81028a84f918f9eaba44?v=13fa7a8d5e6e819faf2a000caf225000,,110,Botros,Egypt,,aec,12/05/2025,Jen,Oral,,YWAM Egypt,Manages/Co-manages,Confidential,Bible Translation,,Botros,Active,OBT - Traditional,Yes
Kopkaka,25 Chapters,Translation in Progress,https://www.notion.so/uofncall/13fa7a8d5e6e81d0a354e53cc39e36be?v=13fa7a8d5e6e81649285000c14614430,,5,Rob,Indonesia,,opk,,Sylvia Kay,,,YWAM Indonesia,,,,,,Completed (the team finished what they wanted to do),,Yes
Korowai,25 Chapters,Goal Met in the language,https://www.notion.so/uofncall/13fa7a8d5e6e812bb2b1ee7709b60f5a?v=13fa7a8d5e6e818aba9c000caf5ebd5f,,0,Rob,Indonesia,,khe,,Sylvia Kay,,,YWAM Indonesia,,,,,,Active,,Yes
Narak,NT / 260 Chapters,Goal Met in the language,https://www.notion.so/uofncall/13fa7a8d5e6e81db8dcff7870d3d831b?v=13fa7a8d5e6e8187804d000c23791f84,,0,Rob,Indonesia,,nac,,Sylvia Kay,,,YWAM Indonesia,,,,,,Progress Unknown,,No
Loi,NT / 260 Chapters,Goal Met in the language,https://www.notion.so/uofncall/13fa7a8d5e6e817f9ba5d028bc75770d?v=13fa7a8d5e6e81c68f33000ca6892ffd,,0,Rob,Indonesia,,ndx,,Sylvia Kay,,,YWAM Indonesia,,,,,,Progress Unknown,,No
Manombai ,25 Chapters,Translation in Progress,https://www.notion.so/uofncall/13fa7a8d5e6e8118b50fe5da050e6fd7?v=13fa7a8d5e6e81a19089000cab2a7c67,,0,Rob,Indonesia,,woo,,Sylvia Kay,,,YWAM Indonesia,,,,,,Active,,Yes
Sasak ,Bible,Translation in Progress,https://www.notion.so/uofncall/13fa7a8d5e6e816ba49ece4bfad57cb2?v=13fa7a8d5e6e81829648000c89e99808,,0,Rob,Indonesia,,sas,,Sylvia Kay,,,YWAM Indonesia,,,,,,Active,,Yes
Ternate ,NT / 260 Chapters,Translation in Progress,https://www.notion.so/uofncall/13fa7a8d5e6e81c6824ce329a128f874?v=13fa7a8d5e6e81f28a49000c31a7c551,,0,Rob,Indonesia,,tft,,Sylvia Kay,,,YWAM Indonesia,,,,,,Inactive (paused),,Yes
Dhani-Nayak,,,https://www.notion.so/uofncall/13ea7a8d5e6e815aa32fdfe73a63914a?v=13ea7a8d5e6e8102b788000c0745c179,,0,Rob,Indonesia,,?,,Sylvia Kay,,,YWAM Indonesia,,,,,,Progress Unknown,,No
Idate,NT / 260 Chapters,Translation in Progress,https://www.notion.so/uofncall/13fa7a8d5e6e8149a8d2f299d81dc227?v=13fa7a8d5e6e81c9a2b0000cc0b1736c,"Plan to translate the Gospels and Acts until the end of 2026 // Ready VEssels: mais de 10h de gravação , não tem transcrição ainda ",0,Anabel,East Timor,,idt,03/12/2024,Raissa,Oral,,YWAM East Timor,Manages/Co-manages,,Bible Translation,,Luciana,Active,OBT - Traditional,Yes
Tukudede,NT / 260 Chapters,Translation in Progress,https://www.notion.so/uofncall/13fa7a8d5e6e818e8180fffb05a50bbe?v=13fa7a8d5e6e816f82cf000c8b733567,"Plan to translate the Gospels and Acts until the end of 2026 // Ready Vessels: ",0,Anabel,East Timor,,tkd,03/12/2024,Raissa,Oral,,YWAM East Timor,Manages/Co-manages,,Bible Translation,,Elizangela,Active,OBT - Traditional,Yes
Nauete,NT / 260 Chapters,Translation in Progress,https://www.notion.so/uofncall/13fa7a8d5e6e81bd817dd77264669a86?v=13fa7a8d5e6e81769d8a000c4c152dec,"Plan to translate the Gospels and Acts until the end of 2026 / língua da maratona // Ready Vessels: ",0,Anabel,East Timor,,nxa,03/12/2024,Raissa,Oral,,YWAM East Timor,Manages/Co-manages,,Bible Translation,,Sujana,Active,OBT - Traditional,Yes
Lakalei,25 Chapters,Translation in Progress,https://www.notion.so/uofncall/13fa7a8d5e6e8117b325dd08720b06b8?v=13fa7a8d5e6e81c29e87000c377d4c95,"Will start 2025 // Ready Vessels: ",0,Anabel,East Timor,,lka,03/12/2024,Raissa,Oral,,YWAM East Timor,Manages/Co-manages,,Bible Translation,,Anabel,Planned (to start in the next 12 months),OBT - Traditional,Yes
Tetun,NT / 260 Chapters,Goal Met in the language,https://www.notion.so/uofncall/13fa7a8d5e6e812583d9d09dc9c73b54?v=13fa7a8d5e6e815b92f8000c8e0a5b0b,Plan to translate the Gospels and Acts until the end of 2026 // Ready Vessels=quase 8000 frases,0,Anabel,East Timor,,tet,03/12/2024,Raissa,Oral,,YWAM East Timor,Manages/Co-manages,,Bible Translation,,Sujana,Active,OBT - Traditional,No
Mambae,NT / 260 Chapters,Translation in Progress,https://www.notion.so/uofncall/13fa7a8d5e6e8158a8c1f5a1a3d07e81?v=13fa7a8d5e6e8168ad23000cb373de0e,"Will start 2025 / língua da maratona // Ready Vessels: parou a tradução pra fazer com IA, já tem mais de 10h de gravação e mais de 2h de transcrição ",0,Anabel,East Timor,,mgm,16/06/2026,Raissa,Oral,,YWAM East Timor,Manages/Co-manages,,Bible Translation,,Anabel,Active,OBT - Traditional,Yes
Pattani ,NT / 260 Chapters,Translation in Progress,https://www.notion.so/uofncall/13fa7a8d5e6e81f6a383fd2e3fcc5a0a?v=13fa7a8d5e6e81ac99a7000c92e0987d,Plan to translate New Testament and Proverbs,0,Silvana,India,,lae,,"Silvana ",,,YWAM Los Angeles,,,,,,Active,,No
Mahasu,Bible,Translation in Progress,https://www.notion.so/uofncall/13fa7a8d5e6e81b480c0fed3cfc033a8?v=13fa7a8d5e6e81aeba28000cecc8b4bf,Plan to translate New Testament,0,Silvana,India,,bfz,,Silvana,,,YWAM Los Angeles,,,,,,Progress Unknown,,No
Katakari in Maharashtra,NT / 260 Chapters,Goal Met in the language,https://www.notion.so/uofncall/13fa7a8d5e6e81ddaf8dd6b105de3bf4?v=13fa7a8d5e6e81ce8fac000c1c7dceaf,,0,Silvana,India,,kfu,,,,,YWAM Los Angeles,,,,,,Progress Unknown,,No
Salish,,Not on All Access Goals List,https://www.notion.so/uofncall/13fa7a8d5e6e81eeab79fa63dca7906e?v=13fa7a8d5e6e81e58f20000c6f29ebf3,Plan to translate Luke,0,Josh Lake,United States,,str,,Luciano?,,,YWAM Tribal Waves,,,,,,Progress Unknown,,No
Purepecha - Angahuan,NT / 260 Chapters,Goal Met in the language,https://www.notion.so/uofncall/13fa7a8d5e6e81d28317f85642db9037?v=13fa7a8d5e6e8172b985000ce44b382c,"Funds from Fatih comes by hearing, Plan to finish Deuteronomio, Luke and Acts",63,Mitch,"Mexico, United States",,pua,,Daniel Holmberg,Oral,,YWAM Morelia,Manages/Co-manages,Unrestricted,"Bible Translation, Community Development, Scripture and Church Engagement",01/03/2022,,Active,OBT - Traditional,Yes
Zoque de Francisco León,NT / 260 Chapters,Goal Met in the language,https://www.notion.so/uofncall/13fa7a8d5e6e8186b77cf180b7f20b01?v=13fa7a8d5e6e8127b397000cdd36a81e,"Working with Scripture Engagement, They have New Testaments made by foreigners they need to appropriate themselves of the Bible",6,Mitch,Mexico,,zos,,Daniel Holmberg,Oral,,YWAM Morelia,Manages/Co-manages,Unrestricted,"Bible Translation, Scripture and Church Engagement",01/10/2023,,Active,OBT - Traditional,Yes
Lama-Dessi,NT / 260 Chapters,Goal Met in the language,https://www.notion.so/uofncall/13fa7a8d5e6e81ec88c7dea2e083a8af?v=13fa7a8d5e6e8113864f000cbad82ae1,,0,Meleah,Togo,,not iso language,,Meleah Q,,,YWAM Noepe,,,,,,Progress Unknown,,Yes
Gbaya,NT / 260 Chapters,Goal Met in the language,https://www.notion.so/uofncall/13fa7a8d5e6e815583b6ff9b3372717e?v=13fa7a8d5e6e814e9528000c445a228d,,0,Meleah,Togo,,gso,,Meleah Q,,,YWAM Noepe,,,,,,Active,,Yes
Kosrae,NT / 260 Chapters,Goal Met in the language,https://www.notion.so/uofncall/13fa7a8d5e6e81eea93eef609a394100?v=13fa7a8d5e6e81308b78000cb2dbcdfb,"Goal is now finishing the whole Bible, Luke, Ruth and Acts 1-8 is completed",0,Youngshin,Micronesia,,kos,,Youngshin,,,YWAM Kona,,,,,,Active,,Yes
Tok Pisin (modern),NT / 260 Chapters,Goal Met in the language,https://www.notion.so/uofncall/13fa7a8d5e6e81a4a638c13cf3752fc0?v=13fa7a8d5e6e81a2b8f1000ca5b5c6ff,,0,? it was on an old Isabela’s spreadsheet,Papua New Guinea,,tpi,,Pati Beltramini,,,"YWAM Madang, YWAM Samoa",,,,,,Active,,No
Afrikaans: Kaaps,Two Bibles,Goal Met in the language,https://www.notion.so/uofncall/13fa7a8d5e6e8133a3e8c2c6e0f90a7a?v=13fa7a8d5e6e81bfa1ae000cd0fd9421,,0,Etienne Pieterse,South Africa,,afr,,,,,YWAM Sydney,,,,,,Progress Unknown,,No
Shehri ,NT / 260 Chapters,Translation in Progress,https://www.notion.so/uofncall/13fa7a8d5e6e8156ab8ce53ff0252fb1?v=13fa7a8d5e6e81d49c56000c3a7e710c,,0,Jen,Australia,,shv,,Jen / Chris,,,YWAM Perth,,,,,,Progress Unknown,,No
Chinese: Sichuan,Two Bibles,Goal Met in the language,https://www.notion.so/uofncall/13fa7a8d5e6e816e80d8fc887d35facf?v=13fa7a8d5e6e81b79577000c1fa3026e,,0,Jen,Australia,,cmn,,,,,YWAM Perth,,,,,,Active,,No
Nyikina,,Not on All Access Goals List,https://www.notion.so/uofncall/13fa7a8d5e6e81c0af99fa29e0ad3cb6?v=13fa7a8d5e6e81b2bde5000c238ad3d6,,0,Jen,Australia,,nyh,,,,,YWAM Perth,,,,,,Planned (to start in the next 12 months),,Yes
Bunuba,,Not on All Access Goals List,https://www.notion.so/uofncall/13fa7a8d5e6e810a8609f66b97b9577f?v=13fa7a8d5e6e817ab74a000c60503bd7,,0,Jen,Australia,,bck,,,,,YWAM Perth,,,,,,Planned (to start in the next 12 months),,Yes
Jaru,,Not on All Access Goals List,https://www.notion.so/uofncall/13fa7a8d5e6e81f8b8a2c7f22f8b4ed3?v=13fa7a8d5e6e81b29b41000cc9bc8683,Current is scripture & church engagment,0,Jen,Australia,,ddj,,,,,YWAM Perth,,,,,,Active,,Yes
Matses,NT / 260 Chapters,Goal Met in the language,https://www.notion.so/uofncall/13fa7a8d5e6e817898fbde569add0cba?v=13fa7a8d5e6e81d19f82000cd4c00dd6,eles começaram mas tem outras organizações envolvidas,0,Fresia,Peru,,mcf,29/11/2024,Daniel,,,YWAM Aurora,,,,,Fresia,Inactive (paused),,No
Urarina,25 Chapters,Goal Met in the language,https://www.notion.so/uofncall/13fa7a8d5e6e81edad6cc5357cb97a22?v=13fa7a8d5e6e8168ba75000c817801ff,eles começaram mas tem outras organizações envolvidas,0,Fresia,Peru,,ura,29/11/2024,Daniel,,,YWAM Aurora,,,,,Fresia,Inactive (paused),,No
Kashinawa,NT / 260 Chapters,Goal Met in the language,https://www.notion.so/uofncall/13fa7a8d5e6e8137ae3cde7cb7ebd768?v=13fa7a8d5e6e81099b8d000cc67cd0ce,"eles começaram mas estão aguardando ",0,Fresia,Peru,,cbs,29/11/2024,Daniel,,,YWAM Aurora,,,,,Fresia,Completed (the team finished what they wanted to do),,No
Jiw/Guayabero,25 Chapters,Goal Met in the language,https://www.notion.so/uofncall/13fa7a8d5e6e8186b802dab80811752c?v=13fa7a8d5e6e81c68b4a000c8351cbbb,,0,Lori,Colombia,,guo,16/06/2026,Daniel,,,YWAM Leticia,,,,,Edwin,Active,,Yes
Embera Dobida,NT / 260 Chapters,Goal Met in the language,https://www.notion.so/uofncall/13fa7a8d5e6e81c5bcbde9f722212797?v=13fa7a8d5e6e8126824b000ca9a3f970,,0,Lori,Colombia,,emp,16/06/2026,Daniel,,,YWAM Leticia,,,,,Edwin,Active,,No
Wounaan,NT / 260 Chapters,Goal Met in the language,https://www.notion.so/uofncall/13fa7a8d5e6e810e86a5eebe6ac5dd25?v=13fa7a8d5e6e81669ac3000cb43016b3,,0,Lori,Colombia,,noa,16/06/2026,Daniel,,,YWAM Leticia,,,,,Edwin,Active,,No
Chinook Wawa,,Not on All Access Goals List,https://www.notion.so/uofncall/13fa7a8d5e6e813fb0cfd389ea320836?v=13fa7a8d5e6e81d195a4000c3a97c976,Will be the reporting org only,0,Jessy,"Canada, United States",,chn,16/06/2026,Jessy Pfarrkirchner,Oral,,YWAM Salem,,,,,,Active,,Yes
Krongo-Chznagli,NT / 260 Chapters,Goal Met in the language,https://www.notion.so/uofncall/13fa7a8d5e6e8157aecce902ce66bed3?v=13fa7a8d5e6e818793e0000c0c427da9,Scripture engagement with refugee population,0,Jessy,United States,,kgo,,Jessy Pfarrkirchner,,,YWAM Salem,,,,,,Active,,Yes
Awa-Cuaiquer,NT / 260 Chapters,Goal Met in the language,https://www.notion.so/uofncall/13fa7a8d5e6e81ff9acff6723434918f?v=13fa7a8d5e6e817cb95c000cac66ba3e,,0,Lori,Colombia,,kwi,29/11/2024,Daniel,,,YWAM Leticia,,,,,Edwin,Active,,No
Yanomami Hakoma,NT / 260 Chapters,Translation in Progress,https://www.notion.so/uofncall/13fa7a8d5e6e81b5b6abd88f1391e174?v=13fa7a8d5e6e81c99fd0000c3fc29894,They don’t have a team,0,Betania,Brazil,,wca,28/11/2024,,,,YWAM Porto Velho,,,,,,Canceled,,No
Bantawa,NT / 260 Chapters,Goal Met in the language,https://www.notion.so/uofncall/144a7a8d5e6e8150919bee3400ca24aa?v=144a7a8d5e6e81699096000c4042e478,,260,Jen,Nepal,,bap,,,,,YWAM Perth,,,,,,Active,,Yes
Chhiling,,N/A,https://www.notion.so/uofncall/144a7a8d5e6e81e5aa51f8183e1b3d22?v=144a7a8d5e6e81698384000c51a26ab3,,0,Jen,Nepal,,cur,,,,,YWAM Perth,,,,,,Inactive (paused),,Yes
Bouyei,Bible,Translation in Progress,https://www.notion.so/uofncall/145a7a8d5e6e8135878cfb31b9ece71d?v=145a7a8d5e6e81c49677000cd8eed608,Need to ask Youngshin about this,,???,"China, Laos, Vietnam",,pcc,,,,,YWAM Perth,,,,,,Progress Unknown,,Yes
Chhintang,25 Chapters,Translation in Progress,https://www.notion.so/uofncall/145a7a8d5e6e8159ac7ef407676f2d36?v=145a7a8d5e6e813eadef000cb977716e,,,Jen,Nepal,,ctn,,,,,YWAM Perth,,,,,,Planned (to start in the next 12 months),,
Fijian - Western,NT / 260 Chapters,Translation in Progress,https://www.notion.so/uofncall/145a7a8d5e6e81cca354e2213f5c76c6?v=145a7a8d5e6e81d2be0e000c4fd8e1f2,"Book of Ruth completed, Book of Jonah in process",4,Semi,Fiji,,wyy,,Youngshin,,,YWAM Kona,,,,,Semi,Active,,Yes
Tupi Kawahiva: Tenharim,25 Chapters,Goal Met in the language,https://www.notion.so/uofncall/145a7a8d5e6e81f6bce8f7af9bd8c6e9?v=145a7a8d5e6e818e9f7a000cb98f6e45,OT portions - Plan to translate the Gospels and Acts until the end of 2026,0,Rafa / Ciro,Brazil,,pah,28/11/2024,Sil,,,YWAM Porto Velho,,,,,Lucas,Active,,Yes
Ticuna,NT / 260 Chapters,Goal Met in the language,https://www.notion.so/uofncall/145a7a8d5e6e813aacdcf87bf57379ec?v=145a7a8d5e6e8173a40b000ca6d5c6f7,They didn’t go to the workshop in Leticia - Raissa,,Lori,"Colombia, Peru",,tca,29/11/2024,,,,YWAM Leticia,,,,,,Canceled,,Yes
Uru-Eu-Wau-Wau,25 Chapters,Translation in Progress,https://www.notion.so/uofncall/145a7a8d5e6e8115beefe1fce7c59f2e?v=145a7a8d5e6e81b4bd50000c671bef3a,Cancel on rev79 - Tupi Kawahiva breac,,Rafa / Ciro,Brazil,,urz,28/11/2024,,,,YWAM Porto Velho,,,,,,Canceled,,No
Jola-Felupe,NT / 260 Chapters,Translation in Progress,https://www.notion.so/uofncall/145a7a8d5e6e813ab0c3d673efc560b5?v=145a7a8d5e6e81368600000c8195292b,"OT portions, Translator training",0,Rafa / Ciro,Guinea-Bissau,,eja,28/11/2024,,,,YWAM Porto Velho,,,,,,Active,,Yes
Koti,NT / 260 Chapters,Goal Met in the language,https://www.notion.so/uofncall/145a7a8d5e6e8153a54dd9b7ad4cf60f?v=145a7a8d5e6e8136a173000c438e76b5,OT portions & translator training,0,Rafa / Ciro,Mozambique,,eko,16/06/2026,,,,YWAM Porto Velho,,,,,,Active,,Yes
Makhuwa,Bible,Goal Met in the language,https://www.notion.so/uofncall/145a7a8d5e6e8198a5e9d14d07c9aafb?v=145a7a8d5e6e81e4a4f0000c2c6dd4f8,OT portions & translator training // tem dois dialetos mas que só tem um tradutor,0,Rafa / Ciro,Mozambique,,vmw,28/11/2024,,,,YWAM Porto Velho,,,,,,Active,,Yes
Mansoanka,NT / 260 Chapters,Translation in Progress,https://www.notion.so/uofncall/145a7a8d5e6e819fafbeea7d78cae013?v=145a7a8d5e6e8150ad98000c03a4d1bd,OT portions & translator training,0,Rafa / Ciro,Guinea-Bissau,,msw,28/11/2024,,,,YWAM Porto Velho,,,,,,Active,,Yes
Matis,25 Chapters,Translation in Progress,https://www.notion.so/uofncall/145a7a8d5e6e817ebb5ec612db385d7f?v=145a7a8d5e6e810498ac000c91af159d,It’ll start in January,0,Rafa / Ciro,Brazil,,mpq,28/11/2024,Betania,,,YWAM Porto Velho,,,,,Genielson Junior,Planned (to start in the next 12 months),,Yes
Ndau,Bible,Goal Met in the language,https://www.notion.so/uofncall/145a7a8d5e6e81a3bef8da2d756dc155?v=145a7a8d5e6e816d8ffa000ce09c3f13,OT translation & translator training,0,Rafa / Ciro,Mozambique,,ndc,16/06/2026,,,,YWAM Porto Velho,,,,,,Active,,Yes
Tsonga: Changana,Two Bibles,Goal Met in the language,https://www.notion.so/uofncall/145a7a8d5e6e81f8b6b1c72d08efcfd9?v=145a7a8d5e6e814da7be000c0e8beb30,OT portions & Translator training - The consultant is part of the team so they are on the last details,0,Rafa / Ciro,Mozambique,,tso,28/11/2024,Pati Tivane,,,"YWAM Casa - São Paulo, YWAM Porto Velho",,,,,Gustavo,Active,,Yes
Awar: Nubia,,N/A,https://www.notion.so/uofncall/145a7a8d5e6e81409022eba8efa8b455?v=145a7a8d5e6e8195a6d1000cb0a83499,,,Pati & Marcos,Papua New Guinea,,aya,,Pati Beltramini,,,YWAM Madang,,,,,,Planned (to start in the next 12 months),,Yes
Beopour,25 Chapters,Translation in Progress,https://www.notion.so/uofncall/145a7a8d5e6e81eba676cfa9244f4e64?v=145a7a8d5e6e8104a890000cb27765d3,"ainda vai fazer treinamento / lingua está em risco ",,Pati & Marcos,Papua New Guinea,,bie,,Pati Beltramini,,,YWAM Madang,,,,,,Active,,Yes
Bonkiman,25 Chapters,Translation not Started,https://www.notion.so/uofncall/145a7a8d5e6e815aa0dbf5e2683add07?v=145a7a8d5e6e8171abee000c0d1d5c30,,,Pati & Marcos,Papua New Guinea,,bop,,Pati Beltramini,,,YWAM Madang,,,,,,Planned (to start in the next 12 months),,Yes
Forak,25 Chapters,Translation not Started,https://www.notion.so/uofncall/145a7a8d5e6e81588d08f3714a031365?v=145a7a8d5e6e819497f1000c472294e0,,,Pati & Marcos,Papua New Guinea,,frq,,Pati Beltramini,,,YWAM Madang,,,,,,Planned (to start in the next 12 months),,Yes
Gangalu,25 Chapters,Translation not Started,https://www.notion.so/uofncall/145a7a8d5e6e81ceb200e199eaf76aaa?v=145a7a8d5e6e81af99e7000cedc68684,,,Pati & Marcos,Papua New Guinea,,ggl,,Pati Beltramini,,,YWAM Madang,,,,,,Planned (to start in the next 12 months),,Yes
Garus,25 Chapters,Translation in Progress,https://www.notion.so/uofncall/145a7a8d5e6e81fda34de6247c3ea053?v=145a7a8d5e6e81f28d3e000c58cad3aa,esperando rodar um treinamento pra entender se é a msm lingua Yoidik,,Pati & Marcos,Papua New Guinea,,gyb,,Pati Beltramini,,,YWAM Madang,,,,,,Active,,Yes
Guya,25 Chapters,Translation not Started,https://www.notion.so/uofncall/145a7a8d5e6e81e187cffc076b6c4390?v=145a7a8d5e6e81c69f12000ced523451,,,Pati & Marcos,Papua New Guinea,,gka,,Pati Beltramini,,,YWAM Madang,,,,,,Planned (to start in the next 12 months),,Yes
Kowaki,,N/A,https://www.notion.so/uofncall/145a7a8d5e6e81d08891ec3ba9b35956?v=145a7a8d5e6e81db8c45000cdba1a405,"CD & SE are active, not sure about BT / fizeram survey mas lingua em risco, não tem igreja no local",,Pati & Marcos,Papua New Guinea,,xow,,Pati Beltramini,,,YWAM Madang,,,,,,Progress Unknown,,Yes
Lemio,25 Chapters,Translation not Started,https://www.notion.so/uofncall/145a7a8d5e6e817897ffd4c13fda7ec1?v=145a7a8d5e6e817294fa000c2448c979,,,Pati & Marcos,Papua New Guinea,,lei,,Pati Beltramini,,,YWAM Madang,,,,,,Planned (to start in the next 12 months),,Yes
Mala,25 Chapters,Translation not Started,https://www.notion.so/uofncall/145a7a8d5e6e811fb65aedcc7489e197?v=145a7a8d5e6e8161a2fd000c9e9ef475,,,Pati & Marcos,Papua New Guinea,,mmt,16/06/2026,Pati Beltramini,,,YWAM Madang,,,,,,Active,,Yes
Moere,,N/A,https://www.notion.so/uofncall/145a7a8d5e6e811db7b3e1fee0452170?v=145a7a8d5e6e8127974c000ca11b2b49,SE & CD active,,Pati & Marcos,Papua New Guinea,,mvq,,Pati Beltramini,,,YWAM Madang,,,,,,Planned (to start in the next 12 months),,Yes
Mosimo,,N/A,https://www.notion.so/uofncall/145a7a8d5e6e816dbf2ce04cc8c3e2a3?v=145a7a8d5e6e8189b99c000cb1a9ecc3,SE & CD Active / fizeram survey mas lingua em risco,,Pati & Marcos,Papua New Guinea,,mqv,,Pati Beltramini,,,YWAM Madang,,,,,,Progress Unknown,,Yes
Mur Pano,25 Chapters,Translation in Progress,https://www.notion.so/uofncall/145a7a8d5e6e812db4accefd27f3cc67?v=145a7a8d5e6e81979347000cba7bf65f,vão pro treinamento,,Pati & Marcos,Papua New Guinea,,tkv,16/06/2026,Pati Beltramini,,,YWAM Madang,,,,,,Active,,Yes
Musar,25 Chapters,Translation not Started,https://www.notion.so/uofncall/145a7a8d5e6e81f6b993fa1a2ee8f2c9?v=145a7a8d5e6e8174b0f4000c1b2fbdd5,,,Pati & Marcos,Papua New Guinea,,mmi,,Pati Beltramini,,,YWAM Madang,,,,,,Planned (to start in the next 12 months),,Yes
Waube,25 Chapters,Translation not Started,https://www.notion.so/uofncall/145a7a8d5e6e811e8620e28d1f8c732e?v=145a7a8d5e6e8114a87a000c611647fa,,,Pati & Marcos,Papua New Guinea,,kop,,Pati Beltramini,,,YWAM Madang,,,,,,Planned (to start in the next 12 months),,Yes
Baikeno,NT / 260 Chapters,Translation in Progress,https://www.notion.so/uofncall/149a7a8d5e6e814f8119ebbd31941bfb?v=149a7a8d5e6e8170ac33000c906da1df,,0,"Anabel ",East Timor,,bkx,16/06/2026,Raissa,Oral,,YWAM East Timor,Manages/Co-manages,,Bible Translation,,Anabel,Active,OBT - Traditional,Yes
Bunak,NT / 260 Chapters,Translation in Progress,https://www.notion.so/uofncall/149a7a8d5e6e81b5942ffd3e30e123c2?v=149a7a8d5e6e811fbf04000c15a67f59,Will start 2025,0,Anabel,East Timor,,bfn,16/06/2026,Raissa,Oral,,YWAM East Timor,Manages/Co-manages,,Bible Translation,,Anabel,Active,OBT - Traditional,Yes
Galolen,NT / 260 Chapters,Translation in Progress,https://www.notion.so/uofncall/149a7a8d5e6e81b3985ec0124b90ca33?v=149a7a8d5e6e81a9b226000c83ce9089,Will start 2025 // Ready Vessels: (alvo 100h de gravação / 5h de transcrição),0,Anabel,East Timor,,gal,16/06/2026,Raissa,Oral,,YWAM East Timor,Manages/Co-manages,,Bible Translation,,Anabel,Active,OBT - Traditional,Yes
Habun,25 Chapters,Translation in Progress,https://www.notion.so/uofncall/149a7a8d5e6e8198af99ed9db1515fe7?v=149a7a8d5e6e81ebb552000cd2da0c3c,"Will start 2025 // Ready Vessels: ",0,Anabel,East Timor,,hbu,16/06/2026,Raissa,Oral,,YWAM East Timor,Manages/Co-manages,,Bible Translation,,Anabel,Active,OBT - Traditional,Yes
Kairui-Midiki,NT / 260 Chapters,Translation in Progress,https://www.notion.so/uofncall/149a7a8d5e6e8122bcd1d06e6cb739f1?v=149a7a8d5e6e81a49e22000c0c46a810,,0,Anabel,East Timor,,krd,03/12/2024,Raissa,Oral,,YWAM East Timor,Manages/Co-manages,,Bible Translation,,Anabel,Active,OBT - Traditional,Yes
Kemak,NT / 260 Chapters,Translation in Progress,https://www.notion.so/uofncall/149a7a8d5e6e817cb6ade1db4592b981?v=149a7a8d5e6e813495b9000c5a0c4879,Will start 2025,0,Anabel,East Timor,,kem,16/06/2026,Raissa,Oral,,YWAM East Timor,Manages/Co-manages,,Bible Translation,,Anabel,Active,OBT - Traditional,Yes
Waima’a,NT / 260 Chapters,Translation in Progress,https://www.notion.so/uofncall/149a7a8d5e6e81b1b6f6d0f5bd9cb5f9?v=149a7a8d5e6e8160993d000c0c427b53,Will start 2025,0,Anabel,East Timor,,wmh,16/06/2026,Raissa,Oral,,YWAM East Timor,Manages/Co-manages,,Bible Translation,,Anabel,Active,OBT - Traditional,Yes
Welaun,NT / 260 Chapters,Translation in Progress,https://www.notion.so/uofncall/149a7a8d5e6e81c4ae22f663acfc8bea?v=149a7a8d5e6e81d99cfd000cb6982984,Will start 2025,0,Anabel,East Timor,,wlh,03/12/2024,Raissa,Oral,,YWAM East Timor,Manages/Co-manages,,Bible Translation,,Anabel,Planned (to start in the next 12 months),OBT - Traditional,Yes
Newar,Bible,Goal Met in the language,https://www.notion.so/uofncall/149a7a8d5e6e81b2bf1be5b891e828fe?v=149a7a8d5e6e8167948c000c29796dad,This is the only one of five targeted languages in the Upper Shimla region that is found on the Ethnologue language list.,0,Silvana,"India, Nepal",,new,,Silvana,,,YWAM Los Angeles,,,,,,Planned (to start in the next 12 months),,Yes
"Asháninka ",NT / 260 Chapters,Goal Met in the language,https://www.notion.so/uofncall/14da7a8d5e6e81e2bb14e5b004f0b2dd?v=14da7a8d5e6e81858db9000ce11a2663,"eles começaram mas estão aguardando ",0,Fresia,Peru,,cni,29/11/2024,Daniel,,,YWAM Aurora,,,,,Fresia,Inactive (paused),,No
Ngäbere,NT / 260 Chapters,Goal Met in the language,https://www.notion.so/uofncall/14da7a8d5e6e81d29afee34cbc472190?v=14da7a8d5e6e81f9affa000c177127c7,"Foi feito Rute no workshop como OBT, não se sabe se continuarão como OBT ou OMT",,,Panama,,gym,16/06/2026,Daniel,,,YWAM Panama,,,,,Bryan,Active,,
Manam,,,,vão pro treinamento de Lucas,,,Papua New Guinea,,mva,,,,,YWAM Madang,,,,,,Active,,
Sãotomense,NT / 260 Chapters,Translation in Progress,,,,,São Tomé e Príncipe,,cri,,,,,YWAM Curitiba,Manages/Co-manages,,,,,,,
Wab,,,,"vão pro treinamento ",,,Papua New Guinea,,,,,,,YWAM Madang,,,,,,,,
purépecha de capacuaro,,,,2007 - church engagement / community development - 2025 translation,,Mitch,Mexico,,N/A,,,Oral,,YWAM Morelia,Manages/Co-manages,Unrestricted,"Bible Translation, Community Development, Scripture and Church Engagement",13/10/2007,,Active,OMT,
Tenek (Huasteco),NT / 260 Chapters,Goal Met in the language,,,16,Mitch,Mexico,,hus,,Daniel,Oral,,YWAM Morelia,Manages/Co-manages,Unrestricted,"Bible Translation, Scripture and Church Engagement",16/06/2026,,Active,OBT - Traditional,
Zapoteco de Santiago Lachirigi,NT / 260 Chapters,Translation in Progress,,SeedCompany will fund the project,4,Mitch,Mexico,,zpa,,Daniel,Oral,,YWAM Morelia,Manages/Co-manages,Confidential,"Bible Translation, Community Development",13/10/2023,,Active,OBT - Traditional,
mixteco de Magdalena Peñasco,NT / 260 Chapters,Goal Met in the language,,"Maybe will change to OBT, they already have the NT working on the OT",18,Mitch,Mexico,,xtm,,,Oral,,YWAM Morelia,Manages/Co-manages,Unrestricted,"Bible Translation, Scripture and Church Engagement",13/04/2024,,Active,OMT,
Mixteco de San Esteban Atatlahuca ,NT / 260 Chapters,Goal Met in the language,,"Maybe will change to OBT, they have the NT working on the OT",4,Mitch,Mexico,,mib,,,Oral,,YWAM Morelia,Manages/Co-manages,Unrestricted,"Bible Translation, Scripture and Church Engagement",13/04/2025,,Active,OMT,
popoluca,NT / 260 Chapters,Goal Met in the language,,"They already have NT and Genesis, Psalms",,Mitch,Mexico,,poi,,,Oral,,YWAM Morelia,Manages/Co-manages,Unrestricted,"Bible Translation, Scripture and Church Engagement",13/04/2023,,Active,OMT,
Fataluku,,,,// Ready Vessels: (alvo 100h de gravação / 5h de transcrição),,,,,,,,,,YWAM East Timor,,,,,,,,
Makasae,,,,"// Ready Vessels: ",,,,,,,,,,YWAM East Timor,,,,,,,,
,,,,,,,,,,,,,,,,,,,,,,
Kimberly Kriol,NT / 260 Chapters,Goal Met in the language,,,,,Australia,,Rop,16/06/2026,,,,YWAM Perth,,,,,,Active,,